,id,area,price,num_bedrooms,num_bathrooms,floor_level
0,1,152.0,941804.0,4.0,1,High
1,2,142.0,373532.0,3.0,3,Low
2,3,64.0,814685.0,4.0,3,Medium
3,4,156.0,797135.0,4.0,2,High
4,5,121.0,817895.0,2.0,1,Medium
5,6,70.0,420178.0,4.0,1,Low
6,7,152.0,349521.0,2.0,3,Medium
7,8,171.0,626752.0,2.0,3,High
8,9,124.0,788365.0,2.0,1,High
9,10,137.0,903662.0,1.0,1,Medium
10,11,,,,1,Low
11,12,149.0,337717.0,4.0,1,Medium
12,13,153.0,581915.0,2.0,1,Low
13,14,180.0,762288.0,1.0,1,Medium
14,15,199.0,751025.0,2.0,2,High
15,16,102.0,997917.0,3.0,1,Low
16,17,51.0,500709.0,3.0,3,Low
17,18,137.0,386240.0,3.0,2,Low
18,19,87.0,776775.0,4.0,1,High
19,20,179.0,474486.0,2.0,3,Medium
20,21,70.0,502950.0,3.0,2,High
21,22,107.0,510914.0,1.0,3,Low
22,23,71.0,278623.0,3.0,1,Medium
23,24,,,,1,High
24,25,98.0,383675.0,3.0,1,Low
25,26,108.0,937334.0,4.0,1,Low
26,27,64.0,830235.0,1.0,2,High
27,28,100.0,852465.0,2.0,2,High
28,29,157.0,416454.0,1.0,3,High
29,30,104.0,309575.0,2.0,1,Low
30,31,,,,3,High
31,32,180.0,705815.0,4.0,2,Low
32,33,100.0,492822.0,4.0,1,High
33,34,184.0,276218.0,4.0,1,Low
34,35,70.0,787518.0,2.0,2,Low
35,36,122.0,970044.0,3.0,2,Medium
36,37,67.0,536199.0,2.0,2,High
37,38,181.0,649589.0,1.0,2,High
38,39,138.0,886840.0,4.0,2,Low
39,40,,,,1,Low
40,41,63.0,662052.0,1.0,2,Low
41,42,58.0,534402.0,2.0,1,Medium
42,43,139.0,239986.0,3.0,1,Medium
43,44,102.0,879520.0,3.0,2,Low
44,45,179.0,547739.0,1.0,2,High
45,46,133.0,825646.0,3.0,1,High
46,47,141.0,672327.0,2.0,2,Medium
47,48,160.0,527073.0,2.0,2,Medium
48,49,57.0,797794.0,1.0,2,Low
49,50,84.0,234911.0,2.0,3,High
50,51,130.0,625037.0,4.0,1,Low
51,52,99.0,930399.0,1.0,3,Medium
52,53,153.0,808746.0,2.0,2,High
53,54,181.0,212175.0,1.0,3,High
54,55,,,,2,Medium
55,56,183.0,699876.0,2.0,3,Low
56,57,103.0,845588.0,4.0,2,Low
57,58,155.0,811213.0,2.0,3,High
58,59,53.0,968734.0,1.0,3,Medium
59,60,,,,3,High
60,61,195.0,610543.0,2.0,1,Medium
61,62,93.0,247057.0,4.0,3,Low
62,63,63.0,468294.0,4.0,1,Medium
63,64,,,,2,Low
64,65,97.0,454726.0,1.0,3,Medium
65,66,64.0,478176.0,2.0,2,High
66,67,,,,2,Low
67,68,,,,3,High
68,69,160.0,367292.0,4.0,1,High
69,70,102.0,344931.0,2.0,3,Low
70,71,,,,2,Low
71,72,173.0,362491.0,3.0,2,High
72,73,90.0,581009.0,4.0,3,High
73,74,64.0,601921.0,4.0,1,High
74,75,94.0,460910.0,3.0,1,High
75,76,114.0,223236.0,2.0,2,Low
76,77,,,,2,Low
77,78,120.0,940874.0,2.0,1,High
78,79,58.0,827433.0,3.0,3,Medium
79,80,137.0,870718.0,4.0,2,Medium
80,81,178.0,430785.0,2.0,1,Low
81,82,185.0,294914.0,1.0,2,High
82,83,112.0,407990.0,3.0,3,High
83,84,188.0,578387.0,2.0,1,Low
84,85,130.0,738884.0,1.0,2,Medium
85,86,185.0,856639.0,3.0,3,Medium
86,87,82.0,394269.0,1.0,2,Medium
87,88,172.0,592417.0,3.0,3,Low
88,89,,,,3,Medium
89,90,90.0,320674.0,2.0,1,Low
90,91,77.0,981817.0,1.0,3,Low
91,92,184.0,964757.0,3.0,2,High
92,93,121.0,456713.0,1.0,3,Medium
93,94,61.0,641501.0,1.0,3,Low
94,95,82.0,743351.0,2.0,1,Medium
95,96,97.0,267642.0,4.0,3,Medium
96,97,,,,3,High
97,98,86.0,707606.0,3.0,2,Medium
98,99,148.0,417215.0,3.0,1,High
99,100,153.0,907280.0,4.0,1,Low
100,101,84.0,883889.0,3.0,1,Medium
101,102,,,,3,Low
102,103,180.0,227856.0,3.0,1,Medium
103,104,50.0,726861.0,2.0,3,Low
104,105,54.0,759655.0,1.0,3,Medium
105,106,191.0,695553.0,2.0,2,Medium
106,107,152.0,962092.0,1.0,2,Medium
107,108,,,,2,Medium
108,109,186.0,223752.0,1.0,2,Medium
109,110,64.0,348757.0,2.0,2,Medium
110,111,139.0,513837.0,1.0,3,Medium
111,112,91.0,316739.0,2.0,3,Medium
112,113,173.0,438009.0,4.0,1,Medium
113,114,112.0,980316.0,3.0,3,Low
114,115,145.0,407980.0,3.0,3,High
115,116,101.0,456609.0,1.0,2,Medium
116,117,145.0,588822.0,2.0,3,High
117,118,181.0,536676.0,3.0,2,Medium
118,119,192.0,544138.0,2.0,1,Medium
119,120,78.0,518277.0,2.0,1,Low
120,121,85.0,718271.0,1.0,3,Low
121,122,62.0,523412.0,3.0,1,High
122,123,120.0,685417.0,1.0,3,Low
123,124,135.0,631459.0,1.0,1,Low
124,125,77.0,388456.0,3.0,2,High
125,126,115.0,755941.0,3.0,2,Low
126,127,94.0,357729.0,4.0,2,Medium
127,128,111.0,428504.0,4.0,2,High
128,129,183.0,846117.0,2.0,3,High
129,130,77.0,852665.0,3.0,1,Medium
130,131,77.0,725910.0,4.0,3,Low
131,132,157.0,773044.0,2.0,2,High
132,133,93.0,240809.0,2.0,3,High
133,134,133.0,741013.0,2.0,1,Medium
134,135,79.0,916756.0,4.0,3,Medium
135,136,124.0,251226.0,3.0,1,Low
136,137,,,,3,High
137,138,141.0,805470.0,2.0,1,Low
138,139,178.0,675781.0,4.0,1,Low
139,140,,,,2,Medium
140,141,76.0,204263.0,1.0,1,High
141,142,170.0,951883.0,1.0,2,High
142,143,165.0,377900.0,4.0,2,High
143,144,52.0,772212.0,3.0,2,Medium
144,145,152.0,536326.0,1.0,3,Medium
145,146,186.0,424137.0,4.0,3,Medium
146,147,111.0,652268.0,1.0,3,Medium
147,148,100.0,497881.0,3.0,3,Medium
148,149,108.0,563476.0,2.0,1,High
149,150,167.0,551707.0,1.0,1,Low
150,151,145.0,884733.0,3.0,3,High
151,152,162.0,710585.0,4.0,1,Low
152,153,111.0,891757.0,1.0,1,Medium
153,154,101.0,590719.0,1.0,2,Low
154,155,61.0,679361.0,4.0,2,High
155,156,88.0,301371.0,2.0,2,High
156,157,179.0,762997.0,4.0,2,Low
157,158,180.0,392192.0,1.0,1,Medium
158,159,162.0,350322.0,4.0,3,Medium
159,160,150.0,221172.0,3.0,1,High
160,161,162.0,735843.0,4.0,1,Low
161,162,130.0,777564.0,1.0,1,Medium
162,163,162.0,781780.0,4.0,2,Medium
163,164,51.0,908362.0,2.0,2,High
164,165,179.0,713319.0,4.0,2,Medium
165,166,103.0,980298.0,2.0,3,Low
166,167,136.0,422320.0,3.0,1,High
167,168,178.0,617978.0,2.0,3,High
168,169,196.0,211046.0,4.0,2,Low
169,170,175.0,428071.0,1.0,3,High
170,171,179.0,578165.0,2.0,1,Medium
171,172,102.0,908662.0,3.0,1,Medium
172,173,117.0,616366.0,2.0,2,Low
173,174,172.0,466997.0,2.0,2,Medium
174,175,,,,3,Low
175,176,87.0,682615.0,3.0,2,Low
176,177,73.0,615008.0,4.0,2,Medium
177,178,118.0,783417.0,2.0,1,Low
178,179,165.0,961379.0,2.0,2,Medium
179,180,147.0,405550.0,1.0,2,High
180,181,188.0,444883.0,3.0,1,High
181,182,193.0,838418.0,2.0,1,Low
182,183,146.0,660514.0,3.0,3,Medium
183,184,173.0,871210.0,2.0,2,Medium
184,185,119.0,321789.0,4.0,1,High
185,186,142.0,879418.0,4.0,3,High
186,187,52.0,900780.0,2.0,3,Medium
187,188,197.0,763178.0,4.0,2,Low
188,189,196.0,266017.0,2.0,2,High
189,190,139.0,378376.0,4.0,3,Low
190,191,196.0,888281.0,1.0,1,Low
191,192,197.0,699137.0,1.0,3,High
192,193,145.0,856884.0,1.0,2,Low
193,194,101.0,824712.0,3.0,1,Low
194,195,177.0,893264.0,3.0,1,Medium
195,196,88.0,758296.0,1.0,3,Low
196,197,131.0,593276.0,3.0,2,Medium
197,198,153.0,930026.0,4.0,3,High
198,199,,,,3,High
199,200,60.0,255337.0,2.0,3,Medium
200,201,91.0,475494.0,2.0,1,High
201,202,148.0,224354.0,1.0,1,Low
202,203,56.0,245186.0,3.0,2,Low
203,204,193.0,752433.0,4.0,2,Low
204,205,139.0,627236.0,4.0,3,High
205,206,161.0,810411.0,1.0,3,Low
206,207,109.0,699883.0,4.0,3,High
207,208,162.0,930546.0,4.0,2,Low
208,209,51.0,940829.0,4.0,1,Medium
209,210,,,,1,High
210,211,,,,3,High
211,212,189.0,485195.0,4.0,3,Low
212,213,86.0,775762.0,2.0,3,High
213,214,58.0,816036.0,1.0,3,High
214,215,148.0,325995.0,3.0,2,Medium
215,216,196.0,445690.0,4.0,1,Medium
216,217,97.0,531770.0,3.0,3,Low
217,218,180.0,993392.0,4.0,2,Medium
218,219,,,,3,Low
219,220,103.0,380553.0,1.0,3,Low
220,221,169.0,760696.0,4.0,1,Low
221,222,,,,3,High
222,223,124.0,519278.0,4.0,1,Medium
223,224,162.0,351563.0,4.0,1,Low
224,225,153.0,856701.0,1.0,1,Medium
225,226,133.0,899983.0,1.0,2,Low
226,227,161.0,814615.0,2.0,2,Medium
227,228,148.0,593554.0,1.0,1,Medium
228,229,142.0,402503.0,4.0,3,Low
229,230,195.0,343326.0,2.0,1,High
230,231,177.0,907220.0,2.0,3,Medium
231,232,159.0,211344.0,2.0,1,High
232,233,131.0,594966.0,4.0,3,High
233,234,103.0,792245.0,3.0,2,Low
234,235,117.0,305423.0,4.0,3,Low
235,236,,,,1,Low
236,237,191.0,664071.0,1.0,2,Medium
237,238,70.0,871256.0,4.0,3,Low
238,239,97.0,386833.0,4.0,3,Low
239,240,197.0,917912.0,2.0,3,Medium
240,241,177.0,975435.0,4.0,3,Medium
241,242,185.0,277454.0,2.0,3,Low
242,243,184.0,457594.0,1.0,2,Low
243,244,194.0,711897.0,2.0,2,Low
244,245,177.0,552744.0,4.0,2,Low
245,246,82.0,716142.0,1.0,2,High
246,247,164.0,237641.0,3.0,1,High
247,248,168.0,753999.0,2.0,2,Low
248,249,71.0,569040.0,1.0,3,High
249,250,87.0,867542.0,2.0,3,Medium
250,251,158.0,812121.0,1.0,2,High
251,252,100.0,518420.0,1.0,3,High
252,253,57.0,481685.0,2.0,2,Low
253,254,76.0,675526.0,3.0,3,High
254,255,76.0,244813.0,1.0,1,High
255,256,70.0,892558.0,1.0,1,High
256,257,79.0,864180.0,1.0,2,High
257,258,146.0,486214.0,3.0,2,Medium
258,259,77.0,542703.0,3.0,2,Low
259,260,160.0,404615.0,4.0,3,Low
260,261,110.0,676657.0,2.0,2,Medium
261,262,,,,1,High
262,263,196.0,950294.0,2.0,3,Medium
263,264,53.0,955164.0,4.0,2,High
264,265,84.0,599953.0,2.0,3,Medium
265,266,98.0,487654.0,3.0,3,Low
266,267,66.0,481570.0,2.0,2,Low
267,268,95.0,237265.0,3.0,3,Low
268,269,166.0,449321.0,2.0,1,High
269,270,55.0,266150.0,3.0,1,High
270,271,148.0,811600.0,3.0,3,Medium
271,272,173.0,289613.0,2.0,2,Medium
272,273,86.0,537054.0,4.0,3,Low
273,274,73.0,321826.0,1.0,1,High
274,275,142.0,759723.0,4.0,3,Medium
275,276,,,,3,High
276,277,144.0,410017.0,4.0,1,High
277,278,,,,3,Low
278,279,165.0,690457.0,1.0,3,Low
279,280,116.0,876022.0,2.0,2,High
280,281,,,,2,High
281,282,67.0,896358.0,2.0,1,High
282,283,74.0,650062.0,1.0,1,High
283,284,103.0,294071.0,3.0,1,Low
284,285,107.0,993072.0,2.0,2,Medium
285,286,116.0,506691.0,4.0,1,Low
286,287,153.0,346389.0,2.0,1,Medium
287,288,73.0,839896.0,2.0,1,High
288,289,163.0,469708.0,2.0,2,Medium
289,290,,,,3,Low
290,291,135.0,838112.0,3.0,1,Low
291,292,176.0,454444.0,4.0,3,High
292,293,,,,1,Low
293,294,66.0,411837.0,4.0,3,High
294,295,153.0,310017.0,2.0,2,Low
295,296,186.0,323618.0,1.0,2,Low
296,297,,,,1,High
297,298,88.0,325341.0,1.0,3,Medium
298,299,75.0,930892.0,3.0,2,Low
299,300,,,,1,Medium
300,301,99.0,950865.0,3.0,1,Low
301,302,62.0,641759.0,2.0,2,Low
302,303,109.0,764262.0,3.0,2,Low
303,304,184.0,740659.0,2.0,1,Low
304,305,106.0,622845.0,2.0,3,Medium
305,306,85.0,906544.0,4.0,3,Medium
306,307,69.0,524060.0,2.0,3,Low
307,308,,,,1,Low
308,309,57.0,393259.0,2.0,2,Medium
309,310,193.0,475128.0,1.0,1,High
310,311,191.0,809719.0,2.0,2,High
311,312,164.0,603832.0,1.0,3,Medium
312,313,,,,3,Low
313,314,141.0,381144.0,2.0,2,Low
314,315,147.0,450195.0,1.0,2,High
315,316,115.0,343748.0,4.0,1,High
316,317,81.0,604032.0,3.0,3,Medium
317,318,135.0,232733.0,2.0,1,High
318,319,,,,1,Medium
319,320,,,,1,High
320,321,174.0,309996.0,4.0,3,High
321,322,199.0,758221.0,2.0,1,High
322,323,107.0,749239.0,2.0,1,Low
323,324,107.0,756701.0,1.0,1,Low
324,325,135.0,365873.0,4.0,1,Low
325,326,98.0,910979.0,3.0,1,High
326,327,119.0,633816.0,3.0,1,Medium
327,328,,,,3,Medium
328,329,,,,1,Medium
329,330,150.0,985332.0,1.0,2,Medium
330,331,57.0,945453.0,1.0,1,Low
331,332,102.0,967950.0,1.0,1,Low
332,333,109.0,366472.0,2.0,3,High
333,334,157.0,597710.0,4.0,3,High
334,335,54.0,411760.0,1.0,2,Medium
335,336,152.0,322744.0,2.0,2,Low
336,337,55.0,930051.0,4.0,3,Medium
337,338,158.0,701946.0,1.0,3,High
338,339,165.0,243001.0,3.0,1,High
339,340,143.0,791652.0,4.0,3,Medium
340,341,96.0,438506.0,1.0,2,High
341,342,148.0,953019.0,4.0,1,Medium
342,343,104.0,630789.0,4.0,2,Low
343,344,101.0,856166.0,4.0,1,Medium
344,345,193.0,911998.0,4.0,3,Low
345,346,62.0,852589.0,4.0,2,Low
346,347,,,,1,High
347,348,173.0,885117.0,1.0,1,High
348,349,155.0,758924.0,3.0,3,High
349,350,196.0,935457.0,2.0,3,Medium
350,351,194.0,379352.0,4.0,3,Medium
351,352,169.0,393283.0,2.0,2,High
352,353,112.0,650195.0,1.0,1,Medium
353,354,68.0,969884.0,4.0,3,High
354,355,141.0,631413.0,3.0,2,Medium
355,356,107.0,503988.0,2.0,2,Low
356,357,139.0,526898.0,4.0,2,Low
357,358,166.0,502186.0,1.0,3,High
358,359,111.0,261665.0,3.0,3,Medium
359,360,72.0,446584.0,2.0,1,Medium
360,361,176.0,316953.0,2.0,1,Low
361,362,186.0,676072.0,4.0,3,Low
362,363,189.0,882736.0,3.0,2,High
363,364,178.0,386626.0,3.0,2,Low
364,365,107.0,345271.0,3.0,2,High
365,366,171.0,318533.0,3.0,1,Low
366,367,50.0,798069.0,1.0,2,Low
367,368,83.0,665966.0,3.0,1,Medium
368,369,145.0,266262.0,2.0,1,Low
369,370,175.0,276898.0,2.0,2,Low
370,371,,,,2,High
371,372,,,,3,Low
372,373,138.0,754736.0,2.0,3,High
373,374,166.0,488316.0,3.0,2,Low
374,375,178.0,207657.0,2.0,1,Low
375,376,65.0,677602.0,1.0,1,High
376,377,118.0,980977.0,3.0,1,Medium
377,378,71.0,574999.0,4.0,1,High
378,379,142.0,884191.0,3.0,1,High
379,380,125.0,207906.0,1.0,3,High
380,381,193.0,523557.0,3.0,2,Medium
381,382,135.0,778316.0,3.0,3,Low
382,383,,,,1,High
383,384,118.0,495804.0,3.0,1,High
384,385,96.0,668974.0,1.0,1,Medium
385,386,143.0,915080.0,1.0,1,High
386,387,193.0,827267.0,4.0,2,Low
387,388,134.0,234701.0,2.0,1,Medium
388,389,88.0,283300.0,2.0,2,Low
389,390,149.0,965537.0,3.0,1,Low
390,391,82.0,873034.0,3.0,2,Medium
391,392,150.0,283560.0,4.0,3,High
392,393,72.0,442615.0,4.0,1,Low
393,394,59.0,243642.0,4.0,2,Low
394,395,118.0,717083.0,1.0,3,Low
395,396,149.0,691036.0,4.0,1,Low
396,397,83.0,527304.0,4.0,1,Medium
397,398,187.0,565464.0,3.0,1,Medium
398,399,196.0,813089.0,4.0,2,Low
399,400,145.0,488075.0,1.0,2,High
400,401,50.0,294377.0,1.0,3,Low
401,402,118.0,526916.0,3.0,2,High
402,403,53.0,651978.0,4.0,2,Low
403,404,65.0,512250.0,4.0,1,High
404,405,73.0,805409.0,1.0,1,Low
405,406,129.0,225559.0,4.0,1,High
406,407,51.0,758030.0,4.0,1,Low
407,408,177.0,877114.0,4.0,1,Low
408,409,133.0,335044.0,2.0,1,High
409,410,189.0,312217.0,3.0,1,Medium
410,411,173.0,766161.0,2.0,3,High
411,412,,,,3,Medium
412,413,150.0,858380.0,1.0,3,Low
413,414,61.0,286988.0,4.0,3,High
414,415,116.0,769936.0,3.0,1,High
415,416,114.0,325991.0,2.0,3,High
416,417,123.0,602732.0,4.0,1,Medium
417,418,92.0,706079.0,1.0,3,Medium
418,419,93.0,726684.0,3.0,2,Low
419,420,78.0,284082.0,3.0,3,Medium
420,421,190.0,328322.0,3.0,3,Medium
421,422,61.0,856951.0,4.0,1,Low
422,423,144.0,211303.0,2.0,3,High
423,424,95.0,361633.0,2.0,2,High
424,425,179.0,533863.0,3.0,1,Low
425,426,84.0,449690.0,1.0,1,High
426,427,130.0,984108.0,1.0,3,Medium
427,428,139.0,299616.0,2.0,1,Low
428,429,57.0,286231.0,1.0,1,Low
429,430,142.0,469458.0,2.0,1,Low
430,431,139.0,219623.0,3.0,1,High
431,432,164.0,923035.0,2.0,1,Low
432,433,154.0,690042.0,2.0,1,Low
433,434,184.0,658298.0,3.0,2,Low
434,435,107.0,676840.0,1.0,3,High
435,436,163.0,305228.0,2.0,2,Medium
436,437,,,,1,Low
437,438,169.0,907116.0,3.0,1,Medium
438,439,70.0,881652.0,1.0,3,High
439,440,,,,2,High
440,441,150.0,269274.0,3.0,3,High
441,442,148.0,333541.0,2.0,2,High
442,443,85.0,253947.0,4.0,1,Medium
443,444,145.0,877894.0,3.0,3,Low
444,445,86.0,394692.0,1.0,3,High
445,446,61.0,248874.0,1.0,1,High
446,447,162.0,773996.0,1.0,3,Medium
447,448,62.0,274553.0,1.0,2,Medium
448,449,72.0,792632.0,2.0,2,High
449,450,148.0,909662.0,2.0,2,Low
450,451,154.0,771926.0,1.0,2,Low
451,452,,,,1,High
452,453,66.0,727007.0,1.0,3,Medium
453,454,162.0,878250.0,2.0,2,High
454,455,111.0,670452.0,1.0,1,High
455,456,133.0,629725.0,1.0,3,Medium
456,457,161.0,242534.0,4.0,3,High
457,458,135.0,695518.0,4.0,1,High
458,459,190.0,816529.0,1.0,1,High
459,460,68.0,612003.0,3.0,2,Medium
460,461,149.0,326209.0,1.0,3,Low
461,462,189.0,642061.0,4.0,3,Low
462,463,196.0,389004.0,3.0,1,Medium
463,464,125.0,816412.0,3.0,3,Low
464,465,58.0,815947.0,1.0,2,High
465,466,77.0,364134.0,4.0,3,Low
466,467,177.0,275713.0,4.0,1,High
467,468,101.0,942623.0,3.0,1,Low
468,469,132.0,688972.0,1.0,2,Medium
469,470,160.0,275418.0,2.0,2,Low
470,471,193.0,328232.0,2.0,3,Low
471,472,166.0,720551.0,4.0,3,Low
472,473,118.0,363038.0,2.0,1,Medium
473,474,148.0,368383.0,4.0,2,Low
474,475,189.0,525996.0,4.0,2,Medium
475,476,74.0,458722.0,4.0,2,High
476,477,172.0,332079.0,2.0,3,Low
477,478,102.0,402053.0,4.0,2,Medium
478,479,193.0,800530.0,3.0,1,Medium
479,480,106.0,378589.0,1.0,1,Low
480,481,88.0,703238.0,1.0,3,High
481,482,158.0,229257.0,4.0,3,Medium
482,483,91.0,680488.0,1.0,2,Low
483,484,191.0,635423.0,2.0,3,High
484,485,171.0,344353.0,2.0,1,Medium
485,486,182.0,523390.0,1.0,2,Medium
486,487,124.0,463579.0,2.0,1,High
487,488,195.0,429947.0,1.0,2,High
488,489,125.0,431758.0,1.0,3,Low
489,490,58.0,815645.0,1.0,2,Low
490,491,123.0,357732.0,4.0,2,Medium
491,492,194.0,927955.0,1.0,1,High
492,493,56.0,808095.0,4.0,1,High
493,494,,,,2,High
494,495,186.0,338563.0,1.0,3,Medium
495,496,76.0,983066.0,1.0,3,High
496,497,171.0,706047.0,2.0,1,High
497,498,54.0,905552.0,4.0,3,Medium
498,499,78.0,526032.0,4.0,1,Low
499,500,,,,3,Low
500,501,185.0,995509.0,1.0,2,Medium
501,502,158.0,972800.0,2.0,1,High
502,503,114.0,453973.0,2.0,1,Medium
503,504,135.0,483097.0,2.0,2,Low
504,505,194.0,576826.0,4.0,1,Low
505,506,120.0,714257.0,4.0,3,Medium
506,507,94.0,879181.0,4.0,3,Medium
507,508,181.0,630783.0,1.0,1,Low
508,509,85.0,315374.0,4.0,3,Medium
509,510,119.0,749148.0,3.0,1,Low
510,511,68.0,876555.0,3.0,2,Medium
511,512,157.0,801763.0,2.0,1,Medium
512,513,140.0,684090.0,4.0,2,Medium
513,514,,,,3,Low
514,515,68.0,489227.0,2.0,2,Medium
515,516,88.0,942406.0,4.0,3,Low
516,517,175.0,848074.0,1.0,1,Low
517,518,190.0,732101.0,3.0,3,Medium
518,519,175.0,231598.0,1.0,1,Medium
519,520,107.0,705934.0,4.0,1,Low
520,521,197.0,982239.0,3.0,2,Low
521,522,,,,2,High
522,523,,,,2,Low
523,524,154.0,427286.0,3.0,2,High
524,525,50.0,637785.0,1.0,3,High
525,526,180.0,211745.0,4.0,3,High
526,527,141.0,344097.0,4.0,3,Medium
527,528,,,,1,Medium
528,529,105.0,869648.0,3.0,3,Low
529,530,166.0,813474.0,1.0,3,High
530,531,183.0,413030.0,4.0,3,Medium
531,532,107.0,924238.0,1.0,2,Medium
532,533,93.0,766134.0,4.0,3,Medium
533,534,110.0,538076.0,1.0,1,Medium
534,535,96.0,348554.0,3.0,2,Medium
535,536,198.0,485555.0,3.0,1,High
536,537,129.0,644191.0,1.0,3,High
537,538,167.0,653761.0,1.0,2,High
538,539,196.0,705518.0,3.0,1,High
539,540,69.0,540941.0,4.0,3,Low
540,541,195.0,514451.0,3.0,1,High
541,542,96.0,484186.0,4.0,1,Medium
542,543,,,,1,High
543,544,,,,3,Low
544,545,192.0,637629.0,4.0,3,Medium
545,546,50.0,968747.0,1.0,1,High
546,547,166.0,424695.0,4.0,2,High
547,548,103.0,495900.0,2.0,2,High
548,549,,,,3,Medium
549,550,,,,3,Medium
550,551,193.0,412943.0,4.0,3,Low
551,552,61.0,983204.0,3.0,3,Medium
552,553,123.0,621818.0,4.0,3,Medium
553,554,65.0,908691.0,3.0,2,High
554,555,151.0,773189.0,3.0,3,Medium
555,556,166.0,562130.0,3.0,1,High
556,557,57.0,394488.0,3.0,1,High
557,558,171.0,887556.0,4.0,2,Medium
558,559,141.0,590530.0,3.0,1,Low
559,560,139.0,992058.0,3.0,2,Low
560,561,185.0,862784.0,2.0,2,Medium
561,562,109.0,999289.0,1.0,1,Low
562,563,77.0,441531.0,1.0,3,High
563,564,150.0,446693.0,2.0,1,High
564,565,90.0,903650.0,2.0,1,Medium
565,566,194.0,750719.0,4.0,2,Low
566,567,190.0,438360.0,4.0,1,Low
567,568,95.0,544855.0,4.0,2,High
568,569,84.0,707403.0,2.0,3,Medium
569,570,183.0,226385.0,2.0,3,Low
570,571,,,,3,Medium
571,572,164.0,616235.0,4.0,1,Low
572,573,96.0,480783.0,4.0,2,High
573,574,59.0,285530.0,4.0,3,High
574,575,105.0,955271.0,1.0,2,Medium
575,576,79.0,483707.0,3.0,2,High
576,577,158.0,577816.0,4.0,3,Low
577,578,54.0,629660.0,4.0,3,High
578,579,,,,2,Medium
579,580,82.0,929678.0,1.0,3,Medium
580,581,167.0,545114.0,1.0,2,Medium
581,582,114.0,443373.0,2.0,2,Low
582,583,195.0,547697.0,3.0,3,Low
583,584,60.0,361779.0,2.0,1,Low
584,585,,,,3,Low
585,586,75.0,917148.0,1.0,1,Low
586,587,112.0,807167.0,4.0,2,High
587,588,135.0,438260.0,2.0,2,Low
588,589,108.0,870611.0,4.0,1,Low
589,590,,,,2,High
590,591,,,,1,Low
591,592,154.0,530904.0,1.0,1,Medium
592,593,148.0,247837.0,1.0,2,Low
593,594,178.0,718349.0,2.0,1,Low
594,595,198.0,984838.0,3.0,3,Medium
595,596,104.0,997968.0,2.0,3,Medium
596,597,55.0,752829.0,3.0,2,Medium
597,598,144.0,279083.0,2.0,2,Medium
598,599,182.0,758819.0,2.0,1,Low
599,600,151.0,470856.0,1.0,1,Medium
600,601,52.0,566245.0,4.0,1,Medium
601,602,,,,1,High
602,603,102.0,977147.0,3.0,3,Medium
603,604,132.0,854037.0,4.0,3,Medium
604,605,,,,2,High
605,606,134.0,956097.0,2.0,1,High
606,607,127.0,806791.0,1.0,1,Low
607,608,159.0,454346.0,1.0,2,High
608,609,50.0,809996.0,4.0,1,Low
609,610,100.0,915472.0,3.0,1,High
610,611,53.0,826759.0,4.0,1,High
611,612,162.0,978513.0,4.0,1,Low
612,613,81.0,357661.0,4.0,1,High
613,614,83.0,885375.0,4.0,2,Low
614,615,141.0,360081.0,2.0,1,High
615,616,144.0,588590.0,3.0,2,Medium
616,617,121.0,917406.0,2.0,1,High
617,618,,,,3,Low
618,619,167.0,206154.0,1.0,3,High
619,620,52.0,877164.0,4.0,3,Low
620,621,172.0,264288.0,2.0,3,Low
621,622,,,,2,Medium
622,623,61.0,482725.0,1.0,2,Medium
623,624,103.0,645864.0,1.0,1,Low
624,625,182.0,492231.0,4.0,3,High
625,626,106.0,905290.0,3.0,2,Low
626,627,,,,1,Low
627,628,161.0,793586.0,4.0,1,High
628,629,96.0,930664.0,2.0,2,High
629,630,134.0,636624.0,1.0,3,High
630,631,191.0,239499.0,2.0,1,High
631,632,115.0,587960.0,2.0,3,Low
632,633,124.0,645485.0,4.0,3,Low
633,634,152.0,893919.0,2.0,3,Medium
634,635,87.0,445198.0,4.0,1,Low
635,636,99.0,667535.0,1.0,3,High
636,637,,,,1,Medium
637,638,131.0,820635.0,4.0,3,High
638,639,79.0,510931.0,3.0,1,Low
639,640,128.0,497632.0,2.0,3,Medium
640,641,140.0,536585.0,1.0,2,High
641,642,101.0,930023.0,4.0,3,Medium
642,643,128.0,222431.0,1.0,3,Medium
643,644,79.0,523825.0,3.0,1,Low
644,645,155.0,394555.0,2.0,1,High
645,646,100.0,847008.0,4.0,3,Medium
646,647,130.0,773441.0,2.0,2,Medium
647,648,182.0,468512.0,3.0,2,High
648,649,78.0,376076.0,3.0,1,Medium
649,650,181.0,419724.0,1.0,2,Medium
650,651,187.0,781273.0,4.0,3,Medium
651,652,194.0,514470.0,1.0,1,High
652,653,,,,3,High
653,654,66.0,936421.0,2.0,1,High
654,655,133.0,878758.0,1.0,1,High
655,656,118.0,953753.0,1.0,1,Low
656,657,83.0,250861.0,2.0,1,Medium
657,658,55.0,538041.0,1.0,2,High
658,659,102.0,412977.0,2.0,3,Medium
659,660,175.0,851406.0,4.0,3,Medium
660,661,,,,3,Low
661,662,164.0,209078.0,4.0,1,High
662,663,,,,2,High
663,664,129.0,775335.0,3.0,3,Medium
664,665,144.0,959746.0,3.0,2,High
665,666,167.0,595141.0,4.0,1,Medium
666,667,193.0,415048.0,4.0,3,Medium
667,668,57.0,960581.0,3.0,2,Low
668,669,181.0,842120.0,4.0,1,Low
669,670,153.0,849438.0,2.0,2,Low
670,671,181.0,357087.0,2.0,3,Medium
671,672,74.0,233320.0,3.0,3,High
672,673,145.0,527025.0,1.0,1,Low
673,674,142.0,815115.0,2.0,1,High
674,675,110.0,713287.0,4.0,1,Low
675,676,171.0,564359.0,1.0,2,Low
676,677,100.0,459931.0,1.0,2,Medium
677,678,196.0,606845.0,2.0,2,Low
678,679,,,,1,Low
679,680,,,,3,Medium
680,681,141.0,357702.0,1.0,3,High
681,682,110.0,954122.0,3.0,2,Low
682,683,71.0,377235.0,4.0,2,Medium
683,684,198.0,298511.0,3.0,3,Low
684,685,119.0,473797.0,2.0,3,Medium
685,686,50.0,883321.0,3.0,2,High
686,687,182.0,806229.0,3.0,2,High
687,688,,,,3,Medium
688,689,139.0,298818.0,3.0,1,Medium
689,690,95.0,352360.0,4.0,2,Medium
690,691,83.0,977915.0,4.0,3,High
691,692,127.0,819369.0,1.0,3,Low
692,693,,,,3,High
693,694,122.0,573706.0,3.0,3,Medium
694,695,75.0,411957.0,1.0,1,Medium
695,696,96.0,272715.0,1.0,3,High
696,697,170.0,341398.0,1.0,2,Medium
697,698,105.0,834379.0,4.0,1,High
698,699,143.0,719052.0,3.0,3,Medium
699,700,156.0,332632.0,3.0,1,Low
700,701,112.0,283186.0,2.0,2,Low
701,702,97.0,887250.0,3.0,3,Medium
702,703,110.0,351094.0,3.0,2,High
703,704,130.0,794604.0,1.0,3,Low
704,705,75.0,228380.0,2.0,3,High
705,706,85.0,834486.0,3.0,3,Medium
706,707,50.0,464500.0,4.0,3,High
707,708,57.0,270326.0,3.0,3,Low
708,709,162.0,839282.0,1.0,1,High
709,710,148.0,420971.0,4.0,3,High
710,711,96.0,668933.0,1.0,3,Medium
711,712,176.0,987093.0,3.0,1,Medium
712,713,105.0,368484.0,4.0,1,Medium
713,714,63.0,989352.0,2.0,1,Low
714,715,,,,1,Low
715,716,127.0,969666.0,4.0,1,Medium
716,717,179.0,541705.0,4.0,1,Medium
717,718,158.0,995378.0,1.0,3,Low
718,719,63.0,425314.0,4.0,3,Low
719,720,105.0,638716.0,1.0,2,Low
720,721,164.0,959900.0,3.0,3,Low
721,722,56.0,779518.0,1.0,3,Medium
722,723,52.0,691872.0,4.0,1,Low
723,724,160.0,716998.0,4.0,1,Medium
724,725,156.0,719984.0,3.0,3,High
725,726,67.0,665757.0,4.0,2,High
726,727,87.0,574484.0,4.0,1,Low
727,728,164.0,708062.0,2.0,3,High
728,729,64.0,783609.0,2.0,3,High
729,730,168.0,332028.0,3.0,2,High
730,731,77.0,431447.0,1.0,2,Low
731,732,88.0,641124.0,2.0,1,Low
732,733,66.0,826045.0,1.0,2,High
733,734,135.0,632659.0,4.0,3,Medium
734,735,175.0,501207.0,2.0,3,High
735,736,93.0,576369.0,3.0,2,Low
736,737,74.0,578544.0,3.0,2,Low
737,738,,,,2,Low
738,739,62.0,466847.0,2.0,2,High
739,740,74.0,920488.0,1.0,1,Medium
740,741,,,,2,Low
741,742,,,,1,Low
742,743,116.0,887220.0,1.0,3,High
743,744,158.0,231585.0,4.0,2,Medium
744,745,195.0,615231.0,4.0,1,High
745,746,160.0,767873.0,2.0,2,Low
746,747,160.0,489102.0,2.0,3,Medium
747,748,83.0,488161.0,2.0,3,Medium
748,749,160.0,586821.0,2.0,3,Low
749,750,57.0,479922.0,2.0,2,Medium
750,751,162.0,900601.0,4.0,2,Medium
751,752,132.0,242229.0,1.0,1,High
752,753,91.0,286652.0,2.0,3,Low
753,754,,,,2,Low
754,755,55.0,903724.0,1.0,3,Low
755,756,75.0,460116.0,2.0,3,Low
756,757,113.0,720985.0,1.0,1,Low
757,758,108.0,219975.0,1.0,1,Medium
758,759,158.0,357795.0,4.0,1,High
759,760,170.0,616495.0,3.0,1,Low
760,761,82.0,409373.0,4.0,3,High
761,762,,,,1,High
762,763,70.0,904513.0,3.0,1,Medium
763,764,119.0,495286.0,3.0,1,Low
764,765,,,,1,Medium
765,766,53.0,376037.0,4.0,3,Low
766,767,143.0,588076.0,3.0,1,Medium
767,768,124.0,860008.0,1.0,3,High
768,769,111.0,890493.0,2.0,2,Low
769,770,143.0,820347.0,4.0,3,High
770,771,144.0,822605.0,3.0,3,High
771,772,104.0,925495.0,1.0,1,Medium
772,773,186.0,497190.0,4.0,2,Low
773,774,180.0,640280.0,4.0,2,High
774,775,80.0,301459.0,2.0,2,Medium
775,776,89.0,961985.0,4.0,2,Low
776,777,85.0,400422.0,2.0,3,Low
777,778,55.0,301520.0,3.0,2,High
778,779,115.0,785560.0,2.0,3,Low
779,780,124.0,947512.0,1.0,3,High
780,781,53.0,716123.0,2.0,3,Low
781,782,128.0,529793.0,1.0,2,Medium
782,783,183.0,526818.0,2.0,1,High
783,784,167.0,344832.0,4.0,1,High
784,785,162.0,352999.0,3.0,2,Low
785,786,143.0,548619.0,1.0,1,Low
786,787,111.0,261367.0,2.0,1,High
787,788,,,,3,Low
788,789,185.0,605804.0,2.0,3,Medium
789,790,75.0,957038.0,4.0,2,Low
790,791,93.0,435806.0,4.0,2,Medium
791,792,182.0,907593.0,1.0,1,Medium
792,793,119.0,244738.0,1.0,3,Medium
793,794,167.0,757685.0,4.0,2,Medium
794,795,117.0,544333.0,1.0,2,Medium
795,796,68.0,538511.0,3.0,2,Low
796,797,69.0,402332.0,3.0,2,Medium
797,798,162.0,582729.0,4.0,2,Low
798,799,189.0,311453.0,1.0,2,Medium
799,800,96.0,219816.0,2.0,1,High
800,801,50.0,969299.0,3.0,3,Medium
801,802,139.0,616715.0,4.0,3,High
802,803,191.0,571000.0,1.0,2,Medium
803,804,113.0,413567.0,4.0,3,Medium
804,805,87.0,714933.0,2.0,3,Medium
805,806,86.0,795923.0,3.0,3,High
806,807,175.0,416184.0,4.0,2,High
807,808,188.0,498090.0,4.0,2,Medium
808,809,149.0,517348.0,4.0,3,Low
809,810,126.0,382958.0,2.0,3,Medium
810,811,52.0,477707.0,4.0,2,High
811,812,,,,1,Medium
812,813,59.0,423536.0,2.0,3,High
813,814,54.0,957232.0,2.0,1,High
814,815,187.0,471991.0,3.0,3,High
815,816,179.0,226155.0,3.0,1,Medium
816,817,62.0,541815.0,4.0,1,High
817,818,179.0,841179.0,4.0,1,High
818,819,133.0,660494.0,3.0,2,Medium
819,820,114.0,349381.0,1.0,1,High
820,821,,,,1,Medium
821,822,150.0,676410.0,2.0,1,High
822,823,122.0,643324.0,3.0,3,Low
823,824,66.0,234707.0,2.0,1,Low
824,825,58.0,718477.0,4.0,3,High
825,826,192.0,921864.0,1.0,1,Low
826,827,,,,1,Medium
827,828,143.0,946788.0,2.0,2,Low
828,829,144.0,553299.0,2.0,3,High
829,830,98.0,986713.0,2.0,1,High
830,831,118.0,358492.0,1.0,3,Medium
831,832,111.0,674112.0,3.0,3,High
832,833,127.0,370102.0,4.0,2,Medium
833,834,166.0,594274.0,4.0,2,Low
834,835,169.0,417285.0,3.0,2,Low
835,836,186.0,538404.0,4.0,2,Medium
836,837,125.0,359476.0,1.0,2,Medium
837,838,,,,2,High
838,839,50.0,360928.0,2.0,2,Low
839,840,89.0,864560.0,3.0,2,Medium
840,841,113.0,496141.0,1.0,1,Low
841,842,199.0,843561.0,3.0,3,Medium
842,843,109.0,896595.0,1.0,2,Low
843,844,113.0,448500.0,2.0,2,High
844,845,142.0,890417.0,3.0,3,Low
845,846,121.0,332311.0,4.0,1,Low
846,847,60.0,959034.0,1.0,3,Low
847,848,154.0,445546.0,3.0,3,Low
848,849,63.0,396733.0,4.0,2,Low
849,850,109.0,851233.0,3.0,3,High
850,851,79.0,769560.0,3.0,3,Medium
851,852,84.0,346470.0,3.0,2,Low
852,853,54.0,844318.0,1.0,2,High
853,854,132.0,518647.0,4.0,2,Low
854,855,172.0,206570.0,2.0,2,Low
855,856,127.0,530929.0,1.0,3,Medium
856,857,111.0,733398.0,1.0,3,Low
857,858,181.0,699115.0,1.0,1,High
858,859,138.0,279141.0,2.0,1,High
859,860,,,,3,Medium
860,861,138.0,239062.0,4.0,1,Low
861,862,195.0,828349.0,4.0,3,High
862,863,89.0,494700.0,3.0,1,Low
863,864,121.0,590479.0,3.0,2,Low
864,865,88.0,726257.0,3.0,1,Low
865,866,153.0,597686.0,2.0,2,Medium
866,867,,,,2,Low
867,868,81.0,996657.0,2.0,2,High
868,869,174.0,701076.0,4.0,2,Low
869,870,146.0,847296.0,3.0,1,High
870,871,72.0,700726.0,3.0,3,Low
871,872,112.0,878556.0,1.0,2,High
872,873,192.0,830111.0,2.0,1,High
873,874,194.0,834965.0,4.0,2,Low
874,875,102.0,971246.0,1.0,1,Low
875,876,153.0,248320.0,1.0,1,High
876,877,153.0,696758.0,4.0,1,Medium
877,878,88.0,346649.0,1.0,3,Low
878,879,183.0,325354.0,2.0,1,Medium
879,880,,,,1,Low
880,881,184.0,981725.0,3.0,3,Low
881,882,91.0,648625.0,1.0,3,Low
882,883,64.0,228625.0,3.0,1,Low
883,884,,,,3,Medium
884,885,82.0,486233.0,2.0,2,Low
885,886,87.0,236487.0,2.0,2,High
886,887,146.0,659054.0,2.0,3,High
887,888,82.0,428071.0,1.0,3,Medium
888,889,135.0,688011.0,2.0,1,Low
889,890,115.0,512282.0,1.0,3,High
890,891,59.0,373895.0,3.0,1,Medium
891,892,54.0,630424.0,1.0,2,Low
892,893,172.0,516205.0,3.0,3,High
893,894,123.0,301376.0,1.0,1,High
894,895,146.0,625106.0,3.0,1,Medium
895,896,167.0,967629.0,2.0,2,Low
896,897,87.0,481652.0,3.0,3,Low
897,898,190.0,672132.0,2.0,2,High
898,899,96.0,358056.0,2.0,1,High
899,900,,,,1,High
900,901,64.0,994557.0,1.0,3,Low
901,902,,,,1,Medium
902,903,,,,3,Medium
903,904,96.0,827697.0,1.0,2,Low
904,905,117.0,699653.0,4.0,3,Medium
905,906,125.0,729992.0,1.0,3,High
906,907,179.0,928744.0,1.0,1,Medium
907,908,144.0,942488.0,2.0,1,Medium
908,909,164.0,835567.0,4.0,3,Medium
909,910,85.0,882568.0,1.0,1,High
910,911,75.0,842804.0,4.0,1,Low
911,912,92.0,722828.0,2.0,1,High
912,913,76.0,678366.0,2.0,3,Low
913,914,118.0,921384.0,4.0,1,Low
914,915,197.0,619139.0,2.0,3,Low
915,916,60.0,719777.0,3.0,1,Medium
916,917,123.0,576188.0,3.0,2,Medium
917,918,153.0,432549.0,2.0,1,Low
918,919,87.0,753453.0,3.0,1,Low
919,920,183.0,791491.0,1.0,3,Medium
920,921,72.0,684965.0,4.0,3,High
921,922,96.0,990546.0,1.0,1,Low
922,923,139.0,236321.0,4.0,2,High
923,924,95.0,535441.0,2.0,1,Medium
924,925,,,,1,Low
925,926,189.0,356498.0,2.0,2,High
926,927,190.0,217772.0,2.0,3,High
927,928,153.0,990144.0,4.0,1,High
928,929,160.0,594583.0,4.0,3,Medium
929,930,153.0,438389.0,4.0,3,Medium
930,931,109.0,839430.0,1.0,2,High
931,932,149.0,816024.0,3.0,2,High
932,933,117.0,251924.0,4.0,3,Medium
933,934,182.0,728014.0,4.0,1,High
934,935,169.0,551296.0,1.0,3,High
935,936,86.0,227723.0,4.0,1,Medium
936,937,121.0,958470.0,1.0,1,High
937,938,176.0,864468.0,2.0,2,High
938,939,,,,1,High
939,940,141.0,759931.0,4.0,1,Medium
940,941,80.0,886684.0,2.0,3,High
941,942,171.0,414432.0,2.0,2,Medium
942,943,186.0,339999.0,2.0,1,Medium
943,944,100.0,558690.0,4.0,1,Low
944,945,78.0,279973.0,3.0,2,Low
945,946,89.0,834122.0,3.0,3,High
946,947,90.0,960674.0,3.0,2,Medium
947,948,,,,2,Low
948,949,50.0,487681.0,2.0,1,High
949,950,95.0,694509.0,4.0,1,Low
950,951,150.0,831810.0,2.0,3,Low
951,952,198.0,746900.0,4.0,1,Medium
952,953,139.0,425049.0,4.0,1,Medium
953,954,159.0,468615.0,2.0,2,Low
954,955,106.0,366703.0,3.0,1,Low
955,956,50.0,964357.0,2.0,3,Medium
956,957,112.0,947419.0,1.0,2,High
957,958,104.0,231348.0,1.0,3,Medium
958,959,164.0,395804.0,2.0,2,Low
959,960,192.0,987609.0,4.0,1,High
960,961,198.0,335832.0,1.0,2,Low
961,962,102.0,494923.0,1.0,2,High
962,963,186.0,483780.0,4.0,1,Low
963,964,106.0,806177.0,4.0,1,High
964,965,166.0,253551.0,3.0,3,High
965,966,84.0,604772.0,4.0,3,Low
966,967,112.0,866923.0,2.0,1,High
967,968,74.0,771107.0,2.0,1,Medium
968,969,139.0,535914.0,3.0,1,Low
969,970,124.0,620182.0,1.0,2,Medium
970,971,87.0,412781.0,1.0,2,Low
971,972,179.0,653105.0,4.0,2,High
972,973,184.0,882347.0,2.0,1,High
973,974,,,,3,High
974,975,,,,1,Low
975,976,177.0,259182.0,3.0,2,Medium
976,977,157.0,549307.0,2.0,2,Medium
977,978,74.0,501454.0,3.0,1,Low
978,979,137.0,518232.0,3.0,1,Low
979,980,78.0,853091.0,2.0,2,Medium
980,981,112.0,339978.0,4.0,2,Medium
981,982,199.0,769667.0,4.0,2,Medium
982,983,163.0,671828.0,3.0,1,Medium
983,984,98.0,970188.0,4.0,2,Low
984,985,130.0,458517.0,4.0,2,Low
985,986,133.0,640097.0,3.0,3,High
986,987,,,,1,Medium
987,988,197.0,337084.0,3.0,3,High
988,989,167.0,905475.0,1.0,3,Low
989,990,135.0,993583.0,2.0,2,Low
990,991,112.0,782004.0,2.0,1,High
991,992,153.0,948013.0,4.0,2,Medium
992,993,98.0,891738.0,4.0,1,Medium
993,994,120.0,898012.0,4.0,3,Medium
994,995,50.0,403502.0,2.0,1,Medium
995,996,190.0,5000000.0,1.0,2,High
996,997,172.0,5500000.0,1.0,2,High
997,998,111.0,6000000.0,2.0,2,Low
998,999,,,,1,Medium
999,1000,78.0,7000000.0,2.0,3,Medium
